County	Cases
Abbeville.	371
Aiken.	505
Allendale me.	384
Anderson me.	468
Bamberg me.	515
Barnwell me.	447
Beaufort me.	733
Berkeley me.	597
Calhoun me.	592
Charleston me.	657
Cherokee me.	528
Chester me.	5
Chesterfield me.	526
Clarendon me.	486
Colleton me.	641
Darlington me.	548
Dillon me.	43
Dorchester me.	576
Edgefield me.	569
Fairfield me.	566
Florence me.	564
Georgetown me.	675
Greenville me.	513
Greenwood me.	463
Hampton me.	542
Horry me.	591
Jasper me.	559
Kershaw me.	616
Lancaster me.	594
Laurens me.	43
Lee me.	506
Lexington me	576
Marion me	505
Marlboro me.	376
McCormick me	515
Newberry me	529
Oconee me	472
Orangeburg me	529
Pickens me	493
Richland me	62
Saluda me.	529
Spartanburg me	496
Sumter me	483
Union me	462
Williamsburg me	631
York me	602
Abbeville.	371
Aiken.	505
Calhoun.	592
Mask support in Greenwood by population?	463
Mask support in Hampton by population?	542
Mask support in Newberry by population?	529
Mask support in Oconee by population?	472
What percent of people show support to mask in Clarendon?	486
Clarendon.	486
Colleton.	641
What percent of people show support to mask in Lee?	506
What percent of people show support to mask in Lexington?	576
What percent of people show support to mask in Marion?	505
What percent of people show support to mask in Marlboro?	376
Fairfield.	566
Florence.	564
Marlboro support for mask.	376
McCormick support for mask	515
Newberry support for mask	529
Oconee support for mask	472
What percent of people show support to mask in Colleton?	641
What percent of people show support to mask in Darlington?	548
What percent of people show support to mask in Dillon?	43
Charleston.	657
Cherokee.	528
Chester.	5
Chesterfield.	526
Orangeburg support for mask	529
Pickens support for mask	493
Richland support for mask	62
Saluda support for mask.	529
Spartanburg support for mask	496
Sumter support for mask	483
Georgetown.	675
Greenville.	513
Marion	505
Marlboro.	376
McCormick	515
Newberry	529
Oconee	472
Orangeburg	529
Pickens	493
Richland	62
Saluda.	529
Spartanburg	496
Sumter	483
Union	462
Williamsburg	631
York	602
What percent of people show support to mask in Abbeville?	371
What percent of people show support to mask in Aiken?	505
What percent of people show support to mask in Allendale?	384
What percent of people show support to mask in Anderson?	468
What percent of people show support to mask in Bamberg?	515
Allendale.	384
Anderson.	468
Bamberg.	515
Barnwell.	447
Beaufort.	733
Berkeley.	597
What percent of people show support to mask in Barnwell?	447
What percent of people show support to mask in Beaufort?	733
What percent of people show support to mask in Berkeley?	597
Mask support in Clarendon by population?	486
Mask support in Colleton by population?	641
Mask support in Darlington by population?	548
Mask support in Orangeburg by population?	529
What percent of people show support to mask in Calhoun?	592
how many people approve the mask usage in Charleston.	657
how many people approve the mask usage in Cherokee.	528
how many people approve the mask usage in Chester.	5
how many people approve the mask usage in Chesterfield.	526
beta kitne jan sahmat hai mask ke rule se Greenville me.	513
beta kitne jan sahmat hai mask ke rule se Greenwood me.	463
beta kitne jan sahmat hai mask ke rule se Hampton me.	542
beta kitne jan sahmat hai mask ke rule se Horry me.	591
What percent of people show support to mask in Charleston?	657
What percent of people show support to mask in Cherokee?	528
What percent of people show support to mask in Chester?	5
What percent of people show support to mask in Chesterfield?	526
Mask support in Dillon by population?	43
Mask support in Dorchester by population?	576
Mask support in Edgefield by population?	569
What percent of people show support to mask in Dorchester?	576
Greenwood.	463
Hampton.	542
Horry.	591
Jasper.	559
Kershaw.	616
Lancaster.	594
Laurens.	43
Lee.	506
Lexington	576
What percent of people show support to mask in Edgefield?	569
What percent of people show support to mask in Fairfield?	566
What percent of people show support to mask in Lancaster?	594
What percent of people show support to mask in Laurens?	43
What percent of people show support to mask in Orangeburg?	529
Mask support in Fairfield by population?	566
Mask support in Florence by population?	564
Mask support in Georgetown by population?	675
Mask support in Greenville by population?	513
What percent of people show support to mask in Pickens?	493
What percent of people show support to mask in Richland?	62
What percent of people show support to mask in Saluda?	529
What percent of people show support to mask in Spartanburg?	496
What percent of people show support to mask in Sumter?	483
What percent of people show support to mask in Union?	462
What percent of people show support to mask in Williamsburg?	631
What percent of people show support to mask in York?	602
Abbeville people support.	371
Aiken people support.	505
Allendale people support.	384
Anderson people support.	468
Bamberg people support.	515
Barnwell people support.	447
What percent of people show support to mask in Florence?	564
What percent of people show support to mask in Georgetown?	675
What percent of people show support to mask in Greenville?	513
What percent of people show support to mask in Greenwood?	463
Mask support in Bamberg by population?	515
Mask support in Barnwell by population?	447
Mask support in Beaufort by population?	733
Mask support in Berkeley by population?	597
Mask support in Calhoun by population?	592
Mask support in Charleston by population?	657
Darlington people support.	548
Dillon people support.	43
Dorchester people support.	576
Edgefield people support.	569
Fairfield people support.	566
Florence people support.	564
Georgetown people support.	675
Greenville people support.	513
Greenwood people support.	463
Hampton people support.	542
Mask support in Horry by population?	591
Mask support in Jasper by population?	559
Mask support in Kershaw by population?	616
Mask support in Lancaster by population?	594
Mask support in Laurens by population?	43
Cherokee people support.	528
Chester people support.	5
Chesterfield people support.	526
Clarendon people support.	486
Colleton people support.	64
Mask support in Anderson by population?	468
Mask support in Lee by population?	506
Mask support in Lexington by population?	576
Mask support in Marion by population?	505
Mask support in Marlboro by population?	376
Mask support in McCormick by population?	515
Horry people support.	591
Jasper people support.	559
Kershaw people support.	616
Lancaster people support.	594
Laurens people support.	43
Lee people support.	506
Mask support in Chester by population?	5
Mask support in Chesterfield by population?	526
Mask support in Pickens by population?	493
Mask support in Richland by population?	62
Mask support in Saluda by population?	529
Mask support in Spartanburg by population?	496
Lexington people support	576
Marion people support	505
Marlboro people support.	376
Anderson support for mask.	468
Bamberg support for mask.	515
Barnwell support for mask.	447
Beaufort support for mask.	733
What percent of people show support to mask in McCormick?	515
What percent of people show support to mask in Newberry?	529
What percent of people show support to mask in Oconee?	472
Darlington.	548
Dillon.	43
Dorchester.	576
Edgefield.	569
Berkeley support for mask.	597
Calhoun support for mask.	592
Charleston support for mask.	657
Cherokee support for mask.	528
Chester support for mask.	5
Mask support in Union by population?	462
Mask support in Williamsburg by population?	631
Mask support in York by population?	602
Abbeville support for mask.	371
Aiken support for mask.	505
Clarendon support for mask.	486
Colleton support for mask.	641
Darlington support for mask.	548
Dillon support for mask.	43
Dorchester support for mask.	576
McCormick people support	515
Newberry people support	529
Oconee people support	472
Orangeburg people support	529
Pickens people support	493
Richland people support	62
What is the not maximum support?	631
Saluda people support.	529
Spartanburg people support	496
Sumter people support	483
Allendale support for mask.	384
Edgefield support for mask.	569
Fairfield support for mask.	566
Florence support for mask.	564
Georgetown support for mask.	675
Greenville support for mask.	513
Greenwood support for mask.	463
York support for mask	602
Abbeville people consent.	371
Aiken people consent.	505
Allendale people consent.	384
Anderson people consent.	468
Bamberg people consent.	515
Barnwell people consent.	447
Beaufort people consent.	733
What percent of people show support to mask in Hampton?	542
What percent of people show support to mask in Horry?	591
What percent of people show support to mask in Jasper?	559
What percent of people show support to mask in Kershaw?	616
Beaufort people support.	733
Berkeley people support.	597
Calhoun people support.	592
Charleston people support.	657
Berkeley people consent.	597
Lexington support for mask	576
Marion support for mask	505
Union support for mask	462
Williamsburg support for mask	631
Chesterfield support for mask.	526
Union people support	462
Williamsburg people support	631
York people support	602
Mask support in Abbeville by population?	371
Mask support in Aiken by population?	505
Mask support in Allendale by population?	384
Mask support in Cherokee by population?	528
Mask support in Sumter by population?	483
Charleston people consent.	657
Cherokee people consent.	528
Chester people consent.	5
Chesterfield people consent.	526
Clarendon people consent.	486
Colleton people consent.	641
Darlington people consent.	548
Dillon people consent.	43
Spartanburg people consent	496
Sumter people consent	483
Union people consent	462
Williamsburg people consent	631
York people consent	602
how many people approve the mask usage in Lancaster.	594
how many people approve the mask usage in Laurens.	43
how many people approve the mask usage in Lee.	506
Calhoun people consent.	592
Hampton support for mask.	542
Horry support for mask.	591
Jasper support for mask.	559
Kershaw support for mask.	616
Lancaster support for mask.	594
Laurens support for mask.	43
Lee support for mask.	506
how many people approve the mask usage in Lexington	576
how many people approve the mask usage in Marion	505
how many people approve the mask usage in Marlboro.	376
Dorchester people consent.	576
Edgefield people consent.	569
Fairfield people consent.	566
Florence people consent.	564
Georgetown people consent.	675
Greenville people consent.	513
Greenwood people consent.	463
Hampton people consent.	542
Horry people consent.	591
Jasper people consent.	559
Kershaw people consent.	616
Lancaster people consent.	594
Laurens people consent.	43
Lee people consent.	506
Lexington people consent	576
Marion people consent	505
Marlboro people consent.	376
McCormick people consent	515
Newberry people consent	529
Oconee people consent	472
Orangeburg people consent	529
Pickens people consent	493
Richland people consent	62
Saluda people consent.	529
how many people approve the mask usage in McCormick	515
how many people approve the mask usage in Abbeville.	371
how many people approve the mask usage in Aiken.	505
how many people approve the mask usage in Allendale.	384
how many people approve the mask usage in Anderson.	468
how many people approve the mask usage in Bamberg.	515
how many people approve the mask usage in Barnwell.	447
how many people approve the mask usage in Beaufort.	733
how many people approve the mask usage in Berkeley.	597
how many people approve the mask usage in Calhoun.	592
beta kitne jan sahmat hai mask ke rule se Jasper me.	559
beta kitne jan sahmat hai mask ke rule se Kershaw me.	616
beta kitne jan sahmat hai mask ke rule se Lancaster me.	594
beta kitne jan sahmat hai mask ke rule se Laurens me.	43
beta kitne jan sahmat hai mask ke rule se Lee me.	506
beta kitne jan sahmat hai mask ke rule se Lexington me	576
beta kitne jan sahmat hai mask ke rule se Marion me	505
beta kitne jan sahmat hai mask ke rule se Marlboro me.	376
how many people approve the mask usage in Clarendon.	486
how many people approve the mask usage in Colleton.	641
how many people approve the mask usage in Darlington.	548
how many people approve the mask usage in Dillon.	43
how many people approve the mask usage in Dorchester.	576
how many people approve the mask usage in Edgefield.	569
how many people approve the mask usage in Fairfield.	566
how many people approve the mask usage in Florence.	564
how many people approve the mask usage in Georgetown.	675
how many people approve the mask usage in Greenville.	513
how many people approve the mask usage in Greenwood.	463
how many people approve the mask usage in Hampton.	542
how many people approve the mask usage in Horry.	591
how many people approve the mask usage in Jasper.	559
how many people approve the mask usage in Kershaw.	616
how many people approve the mask usage in Newberry	529
how many people approve the mask usage in Oconee	472
how many people approve the mask usage in Orangeburg	529
how many people approve the mask usage in Pickens	493
how many people approve the mask usage in Richland	62
how many people approve the mask usage in Saluda.	529
beta kitne jan sahmat hai mask ke rule se McCormick me	515
beta kitne jan sahmat hai mask ke rule se Newberry me	529
beta kitne jan sahmat hai mask ke rule se Oconee me	472
beta kitne jan sahmat hai mask ke rule se Orangeburg me	529
beta kitne jan sahmat hai mask ke rule se Pickens me	493
beta kitne jan sahmat hai mask ke rule se Richland me	62
beta kitne jan sahmat hai mask ke rule se Saluda me.	529
beta kitne jan sahmat hai mask ke rule se Spartanburg me	496
beta kitne jan sahmat hai mask ke rule se Sumter me	483
beta kitne jan sahmat hai mask ke rule se Union me	462
beta kitne jan sahmat hai mask ke rule se Williamsburg me	631
beta kitne jan sahmat hai mask ke rule se York me	602
how many people approve the mask usage in Spartanburg	496
how many people approve the mask usage in Sumter	483
how many people approve the mask usage in Union	462
how many people approve the mask usage in Williamsburg	631
how many people approve the mask usage in York	602
beta kitne jan sahmat hai mask ke rule se Abbeville me.	371
beta kitne jan sahmat hai mask ke rule se Aiken me.	505
beta kitne jan sahmat hai mask ke rule se Allendale me.	384
beta kitne jan sahmat hai mask ke rule se Anderson me.	468
beta kitne jan sahmat hai mask ke rule se Bamberg me.	515
beta kitne jan sahmat hai mask ke rule se Barnwell me.	447
beta kitne jan sahmat hai mask ke rule se Beaufort me.	733
beta kitne jan sahmat hai mask ke rule se Berkeley me.	597
beta kitne jan sahmat hai mask ke rule se Calhoun me.	592
beta kitne jan sahmat hai mask ke rule se Charleston me.	657
beta kitne jan sahmat hai mask ke rule se Cherokee me.	528
beta kitne jan sahmat hai mask ke rule se Chester me.	5
beta kitne jan sahmat hai mask ke rule se Chesterfield me.	526
beta kitne jan sahmat hai mask ke rule se Clarendon me.	486
beta kitne jan sahmat hai mask ke rule se Colleton me.	641
beta kitne jan sahmat hai mask ke rule se Darlington me.	548
beta kitne jan sahmat hai mask ke rule se Dillon me.	43
beta kitne jan sahmat hai mask ke rule se Dorchester me.	576
beta kitne jan sahmat hai mask ke rule se Edgefield me.	569
beta kitne jan sahmat hai mask ke rule se Fairfield me.	566
beta kitne jan sahmat hai mask ke rule se Florence me.	564
beta kitne jan sahmat hai mask ke rule se Georgetown me.	675
beta kitne jan sahmat hai mask ke rule se Abbeville me.	371
beta kitne jan sahmat hai mask ke rule se Aiken me.	505
beta kitne jan sahmat hai mask ke rule se Allendale me.	384
beta kitne jan sahmat hai mask ke rule se Anderson me.	468
beta kitne jan sahmat hai mask ke rule se Bamberg me.	515
beta kitne jan sahmat hai mask ke rule se Barnwell me.	447
beta kitne jan sahmat hai mask ke rule se Beaufort me.	733
beta kitne jan sahmat hai mask ke rule se Berkeley me.	597
beta kitne jan sahmat hai mask ke rule se Calhoun me.	592
beta kitne jan sahmat hai mask ke rule se Charleston me.	657
beta kitne jan sahmat hai mask ke rule se Cherokee me.	528
beta kitne jan sahmat hai mask ke rule se Chester me.	5
beta kitne jan sahmat hai mask ke rule se Chesterfield me.	526
beta kitne jan sahmat hai mask ke rule se Clarendon me.	486
beta kitne jan sahmat hai mask ke rule se Colleton me.	641
beta kitne jan sahmat hai mask ke rule se Darlington me.	548
beta kitne jan sahmat hai mask ke rule se Dillon me.	43
beta kitne jan sahmat hai mask ke rule se Dorchester me.	576
beta kitne jan sahmat hai mask ke rule se Edgefield me.	569
beta kitne jan sahmat hai mask ke rule se Fairfield me.	566
beta kitne jan sahmat hai mask ke rule se Florence me.	564
beta kitne jan sahmat hai mask ke rule se Georgetown me.	675
beta kitne jan sahmat hai mask ke rule se Greenville me.	513
beta kitne jan sahmat hai mask ke rule se Greenwood me.	463
beta kitne jan sahmat hai mask ke rule se Hampton me.	542
beta kitne jan sahmat hai mask ke rule se Horry me.	591
beta kitne jan sahmat hai mask ke rule se Jasper me.	559
beta kitne jan sahmat hai mask ke rule se Kershaw me.	616
beta kitne jan sahmat hai mask ke rule se Lancaster me.	594
beta kitne jan sahmat hai mask ke rule se Laurens me.	43
beta kitne jan sahmat hai mask ke rule se Lee me.	506
beta kitne jan sahmat hai mask ke rule se Lexington me	576
beta kitne jan sahmat hai mask ke rule se Marion me	505
beta kitne jan sahmat hai mask ke rule se Marlboro me.	376
beta kitne jan sahmat hai mask ke rule se McCormick me	515
beta kitne jan sahmat hai mask ke rule se Newberry me	529
beta kitne jan sahmat hai mask ke rule se Oconee me	472
beta kitne jan sahmat hai mask ke rule se Orangeburg me	529
beta kitne jan sahmat hai mask ke rule se Pickens me	493
beta kitne jan sahmat hai mask ke rule se Richland me	62
beta kitne jan sahmat hai mask ke rule se Saluda me.	529
beta kitne jan sahmat hai mask ke rule se Spartanburg me	496
beta kitne jan sahmat hai mask ke rule se Sumter me	483
beta kitne jan sahmat hai mask ke rule se Union me	462
beta kitne jan sahmat hai mask ke rule se Williamsburg me	631
beta kitne jan sahmat hai mask ke rule se York me	602
Abbeville.	371
Aiken.	505
Allendale me.	384
Anderson me.	468
Bamberg me.	515
Barnwell me.	447
Beaufort me.	733
Berkeley me.	597
Calhoun me.	592
Charleston me.	657
Cherokee me.	528
Chester me.	5
Chesterfield me.	526
Clarendon me.	486
Colleton me.	641
Darlington me.	548
Dillon me.	43
Dorchester me.	576
Edgefield me.	569
Fairfield me.	566
Florence me.	564
Georgetown me.	675
Greenville me.	513
Greenwood me.	463
Hampton me.	542
Horry me.	591
Jasper me.	559
Kershaw me.	616
Lancaster me.	594
Laurens me.	43
Lee me.	506
Lexington me	576
Marion me	505
Marlboro me.	376
McCormick me	515
Newberry me	529
Oconee me	472
Orangeburg me	529
Pickens me	493
Richland me	62
Saluda me.	529
Spartanburg me	496
Sumter me	483
Union me	462
Williamsburg me	631
York me	602
Abbeville.	371
Aiken.	505
Calhoun.	592
Mask support in Greenwood by population?	463
Mask support in Hampton by population?	542
Mask support in Newberry by population?	529
Mask support in Oconee by population?	472
What percent of people show support to mask in Clarendon?	486
Clarendon.	486
Colleton.	641
What percent of people show support to mask in Lee?	506
What percent of people show support to mask in Lexington?	576
What percent of people show support to mask in Marion?	505
What percent of people show support to mask in Marlboro?	376
Fairfield.	566
Florence.	564
Marlboro support for mask.	376
McCormick support for mask	515
Newberry support for mask	529
Oconee support for mask	472
What percent of people show support to mask in Colleton?	641
What percent of people show support to mask in Darlington?	548
What percent of people show support to mask in Dillon?	43
Charleston.	657
Cherokee.	528
Chester.	5
Chesterfield.	526
Orangeburg support for mask	529
Pickens support for mask	493
Richland support for mask	62
Saluda support for mask.	529
Spartanburg support for mask	496
Sumter support for mask	483
Georgetown.	675
Greenville.	513
Marion	505
Marlboro.	376
McCormick	515
Newberry	529
Oconee	472
Orangeburg	529
Pickens	493
Richland	62
Saluda.	529
Spartanburg	496
Sumter	483
Union	462
Williamsburg	631
York	602
What percent of people show support to mask in Abbeville?	371
What percent of people show support to mask in Aiken?	505
What percent of people show support to mask in Allendale?	384
What percent of people show support to mask in Anderson?	468
What percent of people show support to mask in Bamberg?	515
Allendale.	384
Anderson.	468
Bamberg.	515
Barnwell.	447
Beaufort.	733
Berkeley.	597
What percent of people show support to mask in Barnwell?	447
What percent of people show support to mask in Beaufort?	733
What percent of people show support to mask in Berkeley?	597
Mask support in Clarendon by population?	486
Mask support in Colleton by population?	641
Mask support in Darlington by population?	548
Mask support in Orangeburg by population?	529
What percent of people show support to mask in Calhoun?	592
how many people approve the mask usage in Charleston.	657
how many people approve the mask usage in Cherokee.	528
how many people approve the mask usage in Chester.	5
how many people approve the mask usage in Chesterfield.	526
beta kitne jan sahmat hai mask ke rule se Greenville me.	513
beta kitne jan sahmat hai mask ke rule se Greenwood me.	463
beta kitne jan sahmat hai mask ke rule se Hampton me.	542
beta kitne jan sahmat hai mask ke rule se Horry me.	591
What percent of people show support to mask in Charleston?	657
What percent of people show support to mask in Cherokee?	528
What percent of people show support to mask in Chester?	5
What percent of people show support to mask in Chesterfield?	526
Mask support in Dillon by population?	43
Mask support in Dorchester by population?	576
Mask support in Edgefield by population?	569
What percent of people show support to mask in Dorchester?	576
Greenwood.	463
Hampton.	542
Horry.	591
Jasper.	559
Kershaw.	616
Lancaster.	594
Laurens.	43
Lee.	506
Lexington	576
What percent of people show support to mask in Edgefield?	569
What percent of people show support to mask in Fairfield?	566
What percent of people show support to mask in Lancaster?	594
What percent of people show support to mask in Laurens?	43
What percent of people show support to mask in Orangeburg?	529
Mask support in Fairfield by population?	566
Mask support in Florence by population?	564
Mask support in Georgetown by population?	675
Mask support in Greenville by population?	513
What percent of people show support to mask in Pickens?	493
What percent of people show support to mask in Richland?	62
What percent of people show support to mask in Saluda?	529
What percent of people show support to mask in Spartanburg?	496
What percent of people show support to mask in Sumter?	483
What percent of people show support to mask in Union?	462
What percent of people show support to mask in Williamsburg?	631
What percent of people show support to mask in York?	602
Abbeville people support.	371
Aiken people support.	505
Allendale people support.	384
Anderson people support.	468
Bamberg people support.	515
Barnwell people support.	447
What percent of people show support to mask in Florence?	564
What percent of people show support to mask in Georgetown?	675
What percent of people show support to mask in Greenville?	513
What percent of people show support to mask in Greenwood?	463
Mask support in Bamberg by population?	515
Mask support in Barnwell by population?	447
Mask support in Beaufort by population?	733
Mask support in Berkeley by population?	597
Mask support in Calhoun by population?	592
Mask support in Charleston by population?	657
Darlington people support.	548
Dillon people support.	43
Dorchester people support.	576
Edgefield people support.	569
Fairfield people support.	566
Florence people support.	564
Georgetown people support.	675
Greenville people support.	513
Greenwood people support.	463
Hampton people support.	542
Mask support in Horry by population?	591
Mask support in Jasper by population?	559
Mask support in Kershaw by population?	616
Mask support in Lancaster by population?	594
Mask support in Laurens by population?	43
Cherokee people support.	528
Chester people support.	5
Chesterfield people support.	526
Clarendon people support.	486
Colleton people support.	64
Mask support in Anderson by population?	468
Mask support in Lee by population?	506
Mask support in Lexington by population?	576
Mask support in Marion by population?	505
Mask support in Marlboro by population?	376
Mask support in McCormick by population?	515
Horry people support.	591
Jasper people support.	559
Kershaw people support.	616
Lancaster people support.	594
Laurens people support.	43
Lee people support.	506
Mask support in Chester by population?	5
Mask support in Chesterfield by population?	526
Mask support in Pickens by population?	493
Mask support in Richland by population?	62
Mask support in Saluda by population?	529
Mask support in Spartanburg by population?	496
Lexington people support	576
Marion people support	505
Marlboro people support.	376
Anderson support for mask.	468
Bamberg support for mask.	515
Barnwell support for mask.	447
Beaufort support for mask.	733
What percent of people show support to mask in McCormick?	515
What percent of people show support to mask in Newberry?	529
What percent of people show support to mask in Oconee?	472
Darlington.	548
Dillon.	43
Dorchester.	576
Edgefield.	569
Berkeley support for mask.	597
Calhoun support for mask.	592
Charleston support for mask.	657
Cherokee support for mask.	528
Chester support for mask.	5
Mask support in Union by population?	462
Mask support in Williamsburg by population?	631
Mask support in York by population?	602
Abbeville support for mask.	371
Aiken support for mask.	505
Clarendon support for mask.	486
Colleton support for mask.	641
Darlington support for mask.	548
Dillon support for mask.	43
Dorchester support for mask.	576
McCormick people support	515
Newberry people support	529
Oconee people support	472
Orangeburg people support	529
Pickens people support	493
Richland people support	62
What is the not maximum support?	631
Saluda people support.	529
Spartanburg people support	496
Sumter people support	483
Allendale support for mask.	384
Edgefield support for mask.	569
Fairfield support for mask.	566
Florence support for mask.	564
Georgetown support for mask.	675
Greenville support for mask.	513
Greenwood support for mask.	463
York support for mask	602
Abbeville people consent.	371
Aiken people consent.	505
Allendale people consent.	384
Anderson people consent.	468
Bamberg people consent.	515
Barnwell people consent.	447
Beaufort people consent.	733
What percent of people show support to mask in Hampton?	542
What percent of people show support to mask in Horry?	591
What percent of people show support to mask in Jasper?	559
What percent of people show support to mask in Kershaw?	616
Beaufort people support.	733
Berkeley people support.	597
Calhoun people support.	592
Charleston people support.	657
Berkeley people consent.	597
Lexington support for mask	576
Marion support for mask	505
Union support for mask	462
Williamsburg support for mask	631
Chesterfield support for mask.	526
Union people support	462
Williamsburg people support	631
York people support	602
Mask support in Abbeville by population?	371
Mask support in Aiken by population?	505
Mask support in Allendale by population?	384
Mask support in Cherokee by population?	528
Mask support in Sumter by population?	483
Charleston people consent.	657
Cherokee people consent.	528
Chester people consent.	5
Chesterfield people consent.	526
Clarendon people consent.	486
Colleton people consent.	641
Darlington people consent.	548
Dillon people consent.	43
Spartanburg people consent	496
Sumter people consent	483
Union people consent	462
Williamsburg people consent	631
York people consent	602
how many people approve the mask usage in Lancaster.	594
how many people approve the mask usage in Laurens.	43
how many people approve the mask usage in Lee.	506
Calhoun people consent.	592
Hampton support for mask.	542
Horry support for mask.	591
Jasper support for mask.	559
Kershaw support for mask.	616
Lancaster support for mask.	594
Laurens support for mask.	43
Lee support for mask.	506
how many people approve the mask usage in Lexington	576
how many people approve the mask usage in Marion	505
how many people approve the mask usage in Marlboro.	376
Dorchester people consent.	576
Edgefield people consent.	569
Fairfield people consent.	566
Florence people consent.	564
Georgetown people consent.	675
Greenville people consent.	513
Greenwood people consent.	463
Hampton people consent.	542
Horry people consent.	591
Jasper people consent.	559
Kershaw people consent.	616
Lancaster people consent.	594
Laurens people consent.	43
Lee people consent.	506
Lexington people consent	576
Marion people consent	505
Marlboro people consent.	376
McCormick people consent	515
Newberry people consent	529
Oconee people consent	472
Orangeburg people consent	529
Pickens people consent	493
Richland people consent	62
Saluda people consent.	529
how many people approve the mask usage in McCormick	515
how many people approve the mask usage in Abbeville.	371
how many people approve the mask usage in Aiken.	505
how many people approve the mask usage in Allendale.	384
how many people approve the mask usage in Anderson.	468
how many people approve the mask usage in Bamberg.	515
how many people approve the mask usage in Barnwell.	447
how many people approve the mask usage in Beaufort.	733
how many people approve the mask usage in Berkeley.	597
how many people approve the mask usage in Calhoun.	592
beta kitne jan sahmat hai mask ke rule se Jasper me.	559
beta kitne jan sahmat hai mask ke rule se Kershaw me.	616
beta kitne jan sahmat hai mask ke rule se Lancaster me.	594
beta kitne jan sahmat hai mask ke rule se Laurens me.	43
beta kitne jan sahmat hai mask ke rule se Lee me.	506
beta kitne jan sahmat hai mask ke rule se Lexington me	576
beta kitne jan sahmat hai mask ke rule se Marion me	505
beta kitne jan sahmat hai mask ke rule se Marlboro me.	376
how many people approve the mask usage in Clarendon.	486
how many people approve the mask usage in Colleton.	641
how many people approve the mask usage in Darlington.	548
how many people approve the mask usage in Dillon.	43
how many people approve the mask usage in Dorchester.	576
how many people approve the mask usage in Edgefield.	569
how many people approve the mask usage in Fairfield.	566
how many people approve the mask usage in Florence.	564
how many people approve the mask usage in Georgetown.	675
how many people approve the mask usage in Greenville.	513
how many people approve the mask usage in Greenwood.	463
how many people approve the mask usage in Hampton.	542
how many people approve the mask usage in Horry.	591
how many people approve the mask usage in Jasper.	559
how many people approve the mask usage in Kershaw.	616
how many people approve the mask usage in Newberry	529
how many people approve the mask usage in Oconee	472
how many people approve the mask usage in Orangeburg	529
how many people approve the mask usage in Pickens	493
how many people approve the mask usage in Richland	62
how many people approve the mask usage in Saluda.	529
beta kitne jan sahmat hai mask ke rule se McCormick me	515
beta kitne jan sahmat hai mask ke rule se Newberry me	529
beta kitne jan sahmat hai mask ke rule se Oconee me	472
beta kitne jan sahmat hai mask ke rule se Orangeburg me	529
beta kitne jan sahmat hai mask ke rule se Pickens me	493
beta kitne jan sahmat hai mask ke rule se Richland me	62
beta kitne jan sahmat hai mask ke rule se Saluda me.	529
beta kitne jan sahmat hai mask ke rule se Spartanburg me	496
beta kitne jan sahmat hai mask ke rule se Sumter me	483
beta kitne jan sahmat hai mask ke rule se Union me	462
beta kitne jan sahmat hai mask ke rule se Williamsburg me	631
beta kitne jan sahmat hai mask ke rule se York me	602
how many people approve the mask usage in Spartanburg	496
how many people approve the mask usage in Sumter	483
how many people approve the mask usage in Union	462
how many people approve the mask usage in Williamsburg	631
how many people approve the mask usage in York	602
beta kitne jan sahmat hai mask ke rule se Abbeville me.	371
beta kitne jan sahmat hai mask ke rule se Aiken me.	505
beta kitne jan sahmat hai mask ke rule se Allendale me.	384
beta kitne jan sahmat hai mask ke rule se Anderson me.	468
beta kitne jan sahmat hai mask ke rule se Bamberg me.	515
beta kitne jan sahmat hai mask ke rule se Barnwell me.	447
beta kitne jan sahmat hai mask ke rule se Beaufort me.	733
beta kitne jan sahmat hai mask ke rule se Berkeley me.	597
beta kitne jan sahmat hai mask ke rule se Calhoun me.	592
beta kitne jan sahmat hai mask ke rule se Charleston me.	657
beta kitne jan sahmat hai mask ke rule se Cherokee me.	528
beta kitne jan sahmat hai mask ke rule se Chester me.	5
beta kitne jan sahmat hai mask ke rule se Chesterfield me.	526
beta kitne jan sahmat hai mask ke rule se Clarendon me.	486
beta kitne jan sahmat hai mask ke rule se Colleton me.	641
beta kitne jan sahmat hai mask ke rule se Darlington me.	548
beta kitne jan sahmat hai mask ke rule se Dillon me.	43
beta kitne jan sahmat hai mask ke rule se Dorchester me.	576
beta kitne jan sahmat hai mask ke rule se Edgefield me.	569
beta kitne jan sahmat hai mask ke rule se Fairfield me.	566
beta kitne jan sahmat hai mask ke rule se Florence me.	564
beta kitne jan sahmat hai mask ke rule se Georgetown me.	675
beta kitne jan sahmat hai mask ke rule se Abbeville me.	371
beta kitne jan sahmat hai mask ke rule se Aiken me.	505
beta kitne jan sahmat hai mask ke rule se Allendale me.	384
beta kitne jan sahmat hai mask ke rule se Anderson me.	468
beta kitne jan sahmat hai mask ke rule se Bamberg me.	515
beta kitne jan sahmat hai mask ke rule se Barnwell me.	447
beta kitne jan sahmat hai mask ke rule se Beaufort me.	733
beta kitne jan sahmat hai mask ke rule se Berkeley me.	597
beta kitne jan sahmat hai mask ke rule se Calhoun me.	592
beta kitne jan sahmat hai mask ke rule se Charleston me.	657
beta kitne jan sahmat hai mask ke rule se Cherokee me.	528
beta kitne jan sahmat hai mask ke rule se Chester me.	5
beta kitne jan sahmat hai mask ke rule se Chesterfield me.	526
beta kitne jan sahmat hai mask ke rule se Clarendon me.	486
beta kitne jan sahmat hai mask ke rule se Colleton me.	641
beta kitne jan sahmat hai mask ke rule se Darlington me.	548
beta kitne jan sahmat hai mask ke rule se Dillon me.	43
beta kitne jan sahmat hai mask ke rule se Dorchester me.	576
beta kitne jan sahmat hai mask ke rule se Edgefield me.	569
beta kitne jan sahmat hai mask ke rule se Fairfield me.	566
beta kitne jan sahmat hai mask ke rule se Florence me.	564
beta kitne jan sahmat hai mask ke rule se Georgetown me.	675
beta kitne jan sahmat hai mask ke rule se Greenville me.	513
beta kitne jan sahmat hai mask ke rule se Greenwood me.	463
beta kitne jan sahmat hai mask ke rule se Hampton me.	542
beta kitne jan sahmat hai mask ke rule se Horry me.	591
beta kitne jan sahmat hai mask ke rule se Jasper me.	559
beta kitne jan sahmat hai mask ke rule se Kershaw me.	616
beta kitne jan sahmat hai mask ke rule se Lancaster me.	594
beta kitne jan sahmat hai mask ke rule se Laurens me.	43
beta kitne jan sahmat hai mask ke rule se Lee me.	506
beta kitne jan sahmat hai mask ke rule se Lexington me	576
beta kitne jan sahmat hai mask ke rule se Marion me	505
beta kitne jan sahmat hai mask ke rule se Marlboro me.	376
beta kitne jan sahmat hai mask ke rule se McCormick me	515
beta kitne jan sahmat hai mask ke rule se Newberry me	529
beta kitne jan sahmat hai mask ke rule se Oconee me	472
beta kitne jan sahmat hai mask ke rule se Orangeburg me	529
beta kitne jan sahmat hai mask ke rule se Pickens me	493
beta kitne jan sahmat hai mask ke rule se Richland me	62
beta kitne jan sahmat hai mask ke rule se Saluda me.	529
beta kitne jan sahmat hai mask ke rule se Spartanburg me	496
beta kitne jan sahmat hai mask ke rule se Sumter me	483
beta kitne jan sahmat hai mask ke rule se Union me	462
beta kitne jan sahmat hai mask ke rule se Williamsburg me	631
beta kitne jan sahmat hai mask ke rule se York me	602